BlockNumber;EventNumber;Time Since Block start;isHit;target;pressed;sequence
1;1;6,983078;1;2;2;blue
1;2;7,983047;1;3;3;blue
1;3;8,899727;1;1;1;blue
1;4;10,61629;1;4;4;blue
1;5;11,38307;1;3;3;blue
1;6;12,13338;1;1;1;blue
1;7;13,26631;0;2;3;blue
1;8;15,43319;1;4;4;blue
2;9;5,049744;1;1;1;yellow
2;10;5,933044;1;3;3;yellow
2;11;6,733109;1;4;4;yellow
2;12;8,133026;1;2;2;yellow
2;13;9,299973;1;4;4;yellow
2;14;10,10007;1;1;1;yellow
2;15;10,98312;1;3;3;yellow
2;16;11,91641;1;2;2;yellow
3;17;5,066483;0;3;2;green
3;18;7,650055;1;4;4;green
3;19;8,700058;1;2;2;green
3;20;9,516556;1;1;1;green
3;21;10,43315;1;3;3;green
3;22;12,13327;1;2;2;green
3;23;12,9333;1;4;4;green
3;24;13,73315;1;1;1;green
4;25;5,366501;1;2;2;yellow
4;26;6,116821;1;4;4;yellow
4;27;6,700058;1;1;1;yellow
4;28;9,46666;1;3;3;yellow
4;29;10,53326;1;4;4;yellow
4;30;11,43327;1;2;2;yellow
4;31;12,26657;1;3;3;yellow
4;32;13,13332;1;1;1;yellow
5;33;5,299835;1;3;3;green
5;34;5,900055;1;4;4;green
5;35;6,583389;1;2;2;green
5;36;7,216614;1;1;1;green
5;37;8,066879;1;3;3;green
5;38;9,050079;1;2;2;green
5;39;9,816574;1;4;4;green
5;40;10,53326;1;1;1;green
6;41;5,516785;1;2;2;blue
6;42;6,266571;1;3;3;blue
6;43;6,81665;1;1;1;blue
6;44;7,59996;1;4;4;blue
6;45;9,699875;1;3;3;blue
6;46;10,33322;1;1;1;blue
6;47;12,28342;1;2;2;blue
6;48;12,88319;1;4;4;blue
7;49;5,250092;1;2;2;blue
7;50;5,966949;1;3;3;blue
7;51;6,750107;1;1;1;blue
7;52;7,500092;1;4;4;blue
7;53;8,533508;1;3;3;blue
7;54;9,283386;1;1;1;blue
7;55;10,21661;1;2;2;blue
7;56;10,9165;1;4;4;blue
8;57;5,616852;1;2;2;yellow
8;58;6,233597;1;4;4;yellow
8;59;6,766678;1;1;1;yellow
8;60;8,883621;1;3;3;yellow
8;61;9,500122;1;4;4;yellow
8;62;10,7502;1;2;2;yellow
8;63;11,2834;1;3;3;yellow
8;64;11,95033;1;1;1;yellow
9;65;4,199753;1;1;1;yellow
9;66;5,899658;1;3;3;yellow
9;67;6,149796;0;4;3;yellow
9;68;9,349747;1;2;2;yellow
9;69;11,3665;1;4;4;yellow
9;70;12,28305;1;1;1;yellow
9;71;13,16624;1;3;3;yellow
9;72;14,1664;1;2;2;yellow
10;73;4,983246;1;3;3;green
10;74;5,549927;1;4;4;green
10;75;6,666504;1;2;2;green
10;76;7,316772;1;1;1;green
10;77;8,549713;1;3;3;green
10;78;10,08322;1;2;2;green
10;79;10,81657;1;4;4;green
10;80;11,4836;1;1;1;green
11;81;5,63295;1;2;2;yellow
11;82;6,199585;1;1;1;yellow
11;83;6,882904;1;4;4;yellow
11;84;7,499649;1;1;1;yellow
11;85;8,332657;1;3;3;yellow
11;86;9,300232;1;2;2;yellow
11;87;10,19939;1;4;4;yellow
11;88;11,18295;1;3;3;yellow
12;89;4,499969;1;2;2;blue
12;90;4,56662;0;3;2;blue
12;91;4,966553;0;1;2;blue
12;92;6,999878;1;4;4;blue
12;93;7,783218;1;3;3;blue
12;94;9,283127;1;1;1;blue
12;95;10,34981;1;2;2;blue
12;96;11,19987;1;4;4;blue
13;97;4,500031;1;2;2;blue
13;98;5,116821;1;3;3;blue
13;99;5,81665;1;1;1;blue
13;100;6,533264;1;4;4;blue
13;101;7,94986;1;3;3;blue
13;102;8,633209;1;1;1;blue
13;103;9,750122;1;2;2;blue
13;104;10,50006;1;4;4;blue
14;105;4,683075;1;2;2;blue
14;106;5,366394;1;3;3;blue
14;107;6,099915;1;1;1;blue
14;108;6,766541;1;4;4;blue
14;109;7,649933;1;3;3;blue
14;110;8,299744;1;1;1;blue
14;111;9,499817;1;2;2;blue
14;112;10,33304;1;4;4;blue
15;113;4,900116;1;3;3;green
15;114;5,400116;1;4;4;green
15;115;6,233398;1;2;2;green
15;116;6,800018;1;1;1;green
15;117;7,583221;1;3;3;green
15;118;8,500031;1;2;2;green
15;119;9,316772;1;4;4;green
15;120;9,966675;1;1;1;green
16;121;4,416534;1;3;3;green
16;122;4,966583;1;4;4;green
16;123;5,816467;1;2;2;green
16;124;6,416565;1;1;1;green
16;125;7,216522;1;3;3;green
16;126;8,883179;1;2;2;green
16;127;9,516479;1;4;4;green
16;128;9,68335;0;1;4;green
17;129;4,683167;1;2;2;blue
17;130;5,450012;1;3;3;blue
17;131;6,19989;1;1;1;blue
17;132;6,916687;1;4;4;blue
17;133;7,749969;1;3;3;blue
17;134;8,483063;1;1;1;blue
17;135;9,349976;1;2;2;blue
17;136;10,3168;1;4;4;blue
18;137;4,716217;1;4;4;yellow
18;138;5,566254;1;3;3;yellow
18;139;6,066254;1;1;1;yellow
18;140;6,799927;1;4;4;yellow
18;141;7,466339;1;3;3;yellow
18;142;8,449646;1;1;1;yellow
18;143;9,316193;0;4;1;yellow
18;144;9,466461;0;2;4;yellow
19;145;5,449829;1;2;2;blue
19;146;6,866608;1;3;3;blue
19;147;7,449707;1;1;1;blue
19;148;8,516388;1;4;4;blue
19;149;9,41629;1;3;3;blue
19;150;10,38318;1;1;1;blue
19;151;11,5498;1;2;2;blue
19;152;12,18307;1;4;4;blue
20;153;4,616608;1;2;2;blue
20;154;5,266541;1;3;3;blue
20;155;5,883392;1;1;1;blue
20;156;6,783661;1;4;4;blue
20;157;7,466827;1;3;3;blue
20;158;8,266571;1;1;1;blue
20;159;9,300201;1;2;2;blue
20;160;10,16669;1;4;4;blue
21;161;4,933075;1;2;2;blue
21;162;5,566437;1;3;3;blue
21;163;6,299927;1;1;1;blue
21;164;7,299835;1;4;4;blue
21;165;8,016571;1;3;3;blue
21;166;8,733307;1;1;1;blue
21;167;10,09976;1;2;2;blue
21;168;10,93332;1;4;4;blue
22;169;4,166595;1;1;1;yellow
22;170;5,633118;1;2;2;yellow
22;171;6,383423;1;4;4;yellow
22;172;7,116638;1;1;1;yellow
22;173;7,933136;1;3;3;yellow
22;174;8,733124;1;4;4;yellow
22;175;9,849701;1;2;2;yellow
22;176;10,56631;1;3;3;yellow
23;177;5,099945;1;2;2;blue
23;178;6,050354;1;3;3;blue
23;179;6,633362;1;1;1;blue
23;180;7,416718;1;4;4;blue
23;181;8,167084;1;3;3;blue
23;182;9,050262;1;1;1;blue
23;183;9,816772;1;2;2;blue
23;184;10,44998;1;4;4;blue
24;185;4,333527;1;3;3;green
24;186;4,93338;1;4;4;green
24;187;5,68335;1;2;2;green
24;188;6,44986;1;1;1;green
24;189;7,099976;1;3;3;green
24;190;8,383362;1;2;2;green
24;191;9,066711;1;4;4;green
24;192;9,2836;0;1;2;green
25;193;4,916718;1;2;2;blue
25;194;5,649689;1;3;3;blue
25;195;6,38324;1;1;1;blue
25;196;7,166443;1;4;4;blue
25;197;7,933136;1;3;3;blue
25;198;8,849823;1;1;1;blue
25;199;9,966339;1;2;2;blue
25;200;10,73312;1;4;4;blue
26;201;4,483521;1;2;2;yellow
26;202;5,183319;1;1;1;yellow
26;203;5,899902;1;3;3;yellow
26;204;6,666626;1;4;4;yellow
26;205;7,516663;1;2;2;yellow
26;206;8,916534;1;4;4;yellow
26;207;9,716705;1;1;1;yellow
26;208;11,36652;1;2;2;yellow
27;209;4,483337;1;2;2;blue
27;210;5,033234;1;3;3;blue
27;211;5,68335;1;1;1;blue
27;212;6,450256;1;4;4;blue
27;213;7,233215;1;3;3;blue
27;214;7,933228;1;1;1;blue
27;215;9,516602;1;2;2;blue
27;216;10,28342;1;4;4;blue
28;217;4,799805;1;2;2;yellow
28;218;5,449768;1;1;1;yellow
28;219;6,183258;1;3;3;yellow
28;220;7,416534;1;4;4;yellow
28;221;8,649597;1;2;2;yellow
28;222;9,333191;1;4;4;yellow
28;223;10,09979;1;1;1;yellow
28;224;10,98315;1;2;2;yellow
29;225;4,616516;1;2;2;blue
29;226;5,250061;1;3;3;blue
29;227;5,883453;1;1;1;blue
29;228;6,733215;1;4;4;blue
29;229;7,88324;1;3;3;blue
29;230;8,416687;1;1;1;blue
29;231;9,983307;1;2;2;blue
29;232;10,69995;1;4;4;blue
30;233;4,616608;1;3;3;green
30;234;5,216675;1;4;4;green
30;235;5,933197;1;2;2;green
30;236;6,616547;1;1;1;green
30;237;7,283264;1;3;3;green
30;238;8,366547;1;2;2;green
30;239;9,133301;1;4;4;green
30;240;9,799774;1;1;1;green
31;241;4,983612;1;3;3;green
31;242;5,766602;1;4;4;green
31;243;7,133362;1;2;2;green
31;244;7,733307;1;1;1;green
31;245;8,35022;1;3;3;green
31;246;9,166595;1;2;2;green
31;247;9,816681;1;4;4;green
31;248;10,51669;1;1;1;green
32;249;4,149872;1;3;3;green
32;250;4,816589;1;4;4;green
32;251;5,583221;1;2;2;green
32;252;6,566742;1;1;1;green
32;253;7,38324;1;3;3;green
32;254;9,366516;1;2;2;green
32;255;10,21643;1;4;4;green
32;256;10,96661;1;1;1;green
33;257;4,333313;1;2;2;blue
33;258;4,999878;1;3;3;blue
33;259;5,633423;1;1;1;blue
33;260;6,316711;1;4;4;blue
33;261;7,549835;1;3;3;blue
33;262;8,183533;1;1;1;blue
33;263;9,333435;1;2;2;blue
33;264;9,966644;1;4;4;blue
34;265;4,783142;1;2;2;blue
34;266;5,383148;1;3;3;blue
34;267;6,016541;1;1;1;blue
34;268;6,749817;1;4;4;blue
34;269;7,433258;1;3;3;blue
34;270;8,166595;1;1;1;blue
34;271;9,14978;1;2;2;blue
34;272;9,799835;1;4;4;blue
35;273;4,233398;1;3;3;green
35;274;4,849976;1;4;4;green
35;275;5,633179;1;2;2;green
35;276;6,483246;1;1;1;green
35;277;7,466797;1;3;3;green
35;278;8,349823;1;2;2;green
35;279;9,216583;1;4;4;green
35;280;9,833374;1;1;1;green
36;281;4,316528;1;2;2;blue
36;282;5,916351;1;3;3;blue
36;283;6,649841;1;1;1;blue
36;284;7,316589;1;4;4;blue
36;285;8,449707;1;3;3;blue
36;286;9,166595;1;1;1;blue
36;287;10,14987;1;2;2;blue
36;288;10,84998;1;4;4;blue
37;289;4,200134;1;3;3;green
37;290;4,88324;1;4;4;green
37;291;5,799835;1;2;2;green
37;292;6,449738;1;1;1;green
37;293;7,033173;1;3;3;green
37;294;7,999725;1;2;2;green
37;295;8,616547;1;4;4;green
37;296;9,332977;1;1;1;green
38;297;4,766663;1;4;4;yellow
38;298;5,333313;1;1;1;yellow
38;299;5,950134;1;3;3;yellow
38;300;6,566711;1;2;2;yellow
38;301;7,266907;1;4;4;yellow
38;302;7,983826;1;3;3;yellow
38;303;8,700195;1;1;1;yellow
38;304;9,400269;0;2;4;yellow
39;305;4,432983;1;4;4;yellow
39;306;5,233154;1;3;3;yellow
39;307;5,999756;1;1;1;yellow
39;308;6,566406;1;4;4;yellow
39;309;7,299744;1;3;3;yellow
39;310;7,999939;1;1;1;yellow
39;311;8,833069;1;4;4;yellow
39;312;9,667358;1;2;2;yellow
40;313;4,699036;1;2;2;blue
40;314;5,265747;1;3;3;blue
40;315;5,882507;1;1;1;blue
40;316;6,499084;1;4;4;blue
40;317;7,249023;1;3;3;blue
40;318;7,982422;1;1;1;blue
40;319;8,799011;1;2;2;blue
40;320;9,382507;1;4;4;blue
41;321;4,466553;1;2;2;blue
41;322;5,150085;1;3;3;blue
41;323;5,733337;1;1;1;blue
41;324;6,382996;1;4;4;blue
41;325;7,016479;1;3;3;blue
41;326;7,749695;1;1;1;blue
41;327;8,466492;1;2;2;blue
41;328;9,149719;1;4;4;blue
42;329;4,266785;1;2;2;blue
42;330;5,050049;1;3;3;blue
42;331;5,816589;1;1;1;blue
42;332;6,416809;1;4;4;blue
42;333;7,06665;1;3;3;blue
42;334;7,783447;1;1;1;blue
42;335;8,600037;1;2;2;blue
42;336;9,316589;1;4;4;blue
43;337;4,333496;1;2;2;blue
43;338;4,866699;1;3;3;blue
43;339;5,399963;1;1;1;blue
43;340;6,016785;1;4;4;blue
43;341;6,700134;1;3;3;blue
43;342;7,366699;1;1;1;blue
43;343;8,000244;1;2;2;blue
43;344;8,616577;1;4;4;blue
44;345;4,133362;1;3;3;green
44;346;4,833374;1;4;4;green
44;347;5,950195;1;2;2;green
44;348;6,599976;1;1;1;green
44;349;7,133362;1;3;3;green
44;350;7,983215;1;2;2;green
44;351;8,599915;1;4;4;green
44;352;9,183594;1;1;1;green
45;353;4,433289;1;2;2;blue
45;354;4,916321;1;3;3;blue
45;355;5,616272;1;1;1;blue
45;356;6,266418;1;4;4;blue
45;357;6,949646;1;3;3;blue
45;358;7,666321;1;1;1;blue
45;359;8,599731;1;2;2;blue
45;360;9,382996;1;4;4;blue
46;361;5,100159;1;2;2;yellow
46;362;5,633362;1;1;1;yellow
46;363;6,250061;1;4;4;yellow
46;364;6,883545;1;1;1;yellow
46;365;7,533386;1;3;3;yellow
46;366;8,100159;1;2;2;yellow
46;367;8,783386;1;4;4;yellow
46;368;9,516907;1;3;3;yellow
47;369;4,549744;1;2;2;blue
47;370;5,183044;1;3;3;blue
47;371;5,766479;1;1;1;blue
47;372;6,433044;1;4;4;blue
47;373;7,116333;1;3;3;blue
47;374;7,83313;1;1;1;blue
47;375;8,682983;1;2;2;blue
47;376;9,433228;1;4;4;blue
48;377;4,549866;1;3;3;green
48;378;5,099915;1;4;4;green
48;379;5,849915;1;2;2;green
48;380;6,533203;1;1;1;green
48;381;7,283142;1;3;3;green
48;382;8,083008;1;2;2;green
48;383;8,633362;1;4;4;green
48;384;9,316589;1;1;1;green
49;385;4,233276;1;3;3;green
49;386;5,283203;1;4;4;green
49;387;6,466431;1;2;2;green
49;388;7,049866;1;1;1;green
49;389;7,599854;1;3;3;green
49;390;8,233154;1;2;2;green
49;391;8,88324;1;4;4;green
49;392;9,583496;1;1;1;green
50;393;4,316223;1;2;2;blue
50;394;4,782898;1;3;3;blue
50;395;5,382935;1;1;1;blue
50;396;6,133179;1;4;4;blue
50;397;6,749634;1;3;3;blue
50;398;7,366577;1;1;1;blue
50;399;8,182861;1;2;2;blue
50;400;8,766296;1;4;4;blue
51;401;8,116516;1;2;2;blue
51;402;9,60022;1;3;3;blue
51;403;10,30005;1;1;1;blue
51;404;12,74982;1;4;4;blue
51;405;13,44983;1;3;3;blue
51;406;14,13342;1;1;1;blue
51;407;14,8833;1;2;2;blue
51;408;15,38354;1;4;4;blue
52;409;4,783081;1;2;2;blue
52;410;5,349731;1;3;3;blue
52;411;5,999634;1;1;1;blue
52;412;6,583069;1;4;4;blue
52;413;7,216309;1;3;3;blue
52;414;7,84967;1;1;1;blue
52;415;8,566284;1;2;2;blue
52;416;9,266357;1;4;4;blue
53;417;4,666382;1;2;2;blue
53;418;5,166382;1;3;3;blue
53;419;5,749878;1;1;1;blue
53;420;6,566589;1;4;4;blue
53;421;7,249878;1;3;3;blue
53;422;7,816589;1;1;1;blue
53;423;8,483154;1;2;2;blue
53;424;9,433289;1;4;4;blue
54;425;4,516541;1;3;3;green
54;426;5,183167;1;4;4;green
54;427;5,916626;1;2;2;green
54;428;6,566406;1;1;1;green
54;429;7,099854;1;3;3;green
54;430;7,799805;1;2;2;green
54;431;8,416992;1;4;4;green
54;432;9,066406;1;1;1;green
55;433;5,033386;1;3;3;green
55;434;5,516785;1;4;4;green
55;435;6,200134;1;2;2;green
55;436;6,833313;1;1;1;green
55;437;7,466614;1;3;3;green
55;438;8,133484;1;2;2;green
55;439;8,766479;1;4;4;green
55;440;9,366821;1;1;1;green
56;441;4,499695;1;2;2;blue
56;442;4,966309;1;3;3;blue
56;443;5,533081;1;1;1;blue
56;444;6,18335;1;4;4;blue
56;445;6,816467;1;3;3;blue
56;446;7,449768;1;1;1;blue
56;447;8,116516;1;2;2;blue
56;448;8,81665;1;4;4;blue
57;449;4,116516;1;3;3;green
57;450;4,700073;1;4;4;green
57;451;5,64978;1;2;2;green
57;452;6,250061;1;1;1;green
57;453;6,89978;1;3;3;green
57;454;7,58313;1;2;2;green
57;455;8,316528;1;4;4;green
57;456;8,933105;1;1;1;green
58;457;4,067017;1;3;3;green
58;458;4,883484;1;4;4;green
58;459;5,649902;1;2;2;green
58;460;6,183228;1;1;1;green
58;461;6,733337;1;3;3;green
58;462;7,383362;1;2;2;green
58;463;8,000122;1;4;4;green
58;464;8,63324;1;1;1;green
59;465;4,766663;1;2;2;yellow
59;466;5,350403;1;3;3;yellow
59;467;5,949951;1;1;1;yellow
59;468;6,666565;1;4;4;yellow
59;469;7,350525;1;3;3;yellow
59;470;8,049866;1;1;1;yellow
59;471;8,783264;1;2;2;yellow
59;472;9,599976;1;4;4;yellow
60;473;4,683289;1;2;2;blue
60;474;5,25;1;3;3;blue
60;475;5,85022;1;1;1;blue
60;476;6,44989;1;4;4;blue
60;477;7,083191;1;3;3;blue
60;478;7,799866;1;1;1;blue
60;479;8,499939;1;2;2;blue
60;480;9,283142;1;4;4;blue
61;481;4,350037;1;2;2;blue
61;482;4,950134;1;3;3;blue
61;483;6,633484;1;1;1;blue
61;484;7,383362;1;4;4;blue
61;485;7,983398;1;3;3;blue
61;486;8,533386;1;1;1;blue
61;487;9,499939;1;2;2;blue
61;488;10,11694;1;4;4;blue
62;489;4,383118;1;2;2;blue
62;490;5,066345;1;3;3;blue
62;491;5,649597;1;1;1;blue
62;492;6,232971;1;4;4;blue
62;493;6,84967;1;3;3;blue
62;494;7,366394;1;1;1;blue
62;495;8,549683;1;2;2;blue
62;496;9,249695;1;4;4;blue
63;497;4,616821;1;4;4;yellow
63;498;5,100037;1;1;1;yellow
63;499;5,733276;1;3;3;yellow
63;500;6,266479;1;2;2;yellow
63;501;6,883179;1;4;4;yellow
63;502;7,733276;1;3;3;yellow
63;503;8,350037;1;1;1;yellow
63;504;9,466614;1;2;2;yellow
64;505;4,416687;1;2;2;yellow
64;506;5,016541;1;3;3;yellow
64;507;5,633301;1;1;1;yellow
64;508;6,366516;1;4;4;yellow
64;509;7,099915;1;3;3;yellow
64;510;7,766541;1;1;1;yellow
64;511;8,966614;1;2;2;yellow
64;512;9,63324;1;4;4;yellow
65;513;4,350159;1;4;4;yellow
65;514;5,000122;1;1;1;yellow
65;515;5,566528;1;3;3;yellow
65;516;6,166504;1;2;2;yellow
65;517;7,516602;1;4;4;yellow
65;518;8,11676;1;3;3;yellow
65;519;8,799866;1;1;1;yellow
65;520;9,816467;1;2;2;yellow
66;521;4,566833;1;2;2;blue
66;522;5,266785;1;3;3;blue
66;523;5,933472;1;1;1;blue
66;524;6,550293;1;4;4;blue
66;525;7,200134;1;3;3;blue
66;526;7,766846;1;1;1;blue
66;527;8,450134;1;2;2;blue
66;528;9,216858;1;4;4;blue
67;529;4,416687;1;3;3;green
67;530;4,966675;1;4;4;green
67;531;5,583191;1;2;2;green
67;532;6,250061;1;1;1;green
67;533;6,783447;1;3;3;green
67;534;7,499817;1;2;2;green
67;535;8,116699;1;4;4;green
67;536;8,716797;1;1;1;green
68;537;4,449646;1;3;3;green
68;538;5,049683;1;4;4;green
68;539;6,16626;1;2;2;green
68;540;6,699585;1;1;1;green
68;541;7,316162;1;3;3;green
68;542;7,982971;1;2;2;green
68;543;8,666321;1;4;4;green
68;544;9,282898;1;1;1;green
69;545;4,366699;1;2;2;blue
69;546;4,983276;1;3;3;blue
69;547;5,583374;1;1;1;blue
69;548;6,200012;1;4;4;blue
69;549;6,833252;1;3;3;blue
69;550;7,466614;1;1;1;blue
69;551;8,250366;1;2;2;blue
69;552;8,966797;1;4;4;blue
70;553;4,233154;1;2;2;yellow
70;554;4,799622;1;1;1;yellow
70;555;5,449768;1;4;4;yellow
70;556;6,083496;1;1;1;yellow
70;557;6,71698;1;3;3;yellow
70;558;7,299805;1;2;2;yellow
70;559;7,899536;1;4;4;yellow
70;560;8,516602;1;3;3;yellow
71;561;4,283142;1;1;1;yellow
71;562;4,783203;1;3;3;yellow
71;563;5,43335;1;4;4;yellow
71;564;6,266479;1;2;2;yellow
71;565;6,999939;1;4;4;yellow
71;566;7,533325;1;1;1;yellow
71;567;8,482971;1;3;3;yellow
71;568;9,466553;1;2;2;yellow
72;569;5,849854;1;2;2;yellow
72;570;6,533203;1;1;1;yellow
72;571;7,299927;1;4;4;yellow
72;572;7,883423;1;1;1;yellow
72;573;8,599976;1;3;3;yellow
72;574;9,200012;1;2;2;yellow
72;575;9,883118;1;4;4;yellow
72;576;10,46637;1;3;3;yellow
73;577;4,41687;1;2;2;blue
73;578;5,000183;1;3;3;blue
73;579;5,650146;1;1;1;blue
73;580;6,267029;1;4;4;blue
73;581;6,983521;1;3;3;blue
73;582;7,61676;1;1;1;blue
73;583;9,283691;0;2;3;blue
73;584;12,50012;1;4;4;blue
74;585;5,000061;1;2;2;yellow
74;586;6,016846;1;4;4;yellow
74;587;6,566772;1;1;1;yellow
74;588;7,249817;1;3;3;yellow
74;589;7,900146;1;4;4;yellow
74;590;8,783264;1;2;2;yellow
74;591;9,566528;1;3;3;yellow
74;592;10,11664;1;1;1;yellow
75;593;4,500122;1;2;2;blue
75;594;5,18335;1;3;3;blue
75;595;5,766602;1;1;1;blue
75;596;6,450073;1;4;4;blue
75;597;7,166443;1;3;3;blue
75;598;7,933411;1;1;1;blue
75;599;8,633179;1;2;2;blue
75;600;9,399841;1;4;4;blue
76;601;4,666626;1;2;2;blue
76;602;5,316833;1;3;3;blue
76;603;5,900146;1;1;1;blue
76;604;6,55011;1;4;4;blue
76;605;7,200134;1;3;3;blue
76;606;7,800171;1;1;1;blue
76;607;8,750183;1;2;2;blue
76;608;10,01678;1;4;4;blue
77;609;4,649841;1;2;2;blue
77;610;5,300049;1;3;3;blue
77;611;5,999817;1;1;1;blue
77;612;6,649841;1;4;4;blue
77;613;7,316406;1;3;3;blue
77;614;7,999878;1;1;1;blue
77;615;9,666443;1;2;2;blue
77;616;10,31653;1;4;4;blue
78;617;4,366577;1;3;3;green
78;618;4,950012;1;4;4;green
78;619;5,666626;1;2;2;green
78;620;6,199768;1;1;1;green
78;621;6,816528;1;3;3;green
78;622;7,550232;1;2;2;green
78;623;8,249939;1;4;4;green
78;624;8,833191;1;1;1;green
79;625;4,400024;1;2;2;yellow
79;626;5,19989;1;4;4;yellow
79;627;5,783264;1;1;1;yellow
79;628;6,366821;1;3;3;yellow
79;629;7,100159;1;4;4;yellow
79;630;7,999939;1;2;2;yellow
79;631;8,983521;1;3;3;yellow
79;632;9,566467;1;1;1;yellow
80;633;4,850525;1;4;4;yellow
80;634;5,400269;1;3;3;yellow
80;635;5,950256;1;1;1;yellow
80;636;6,566772;1;4;4;yellow
80;637;7,216797;1;3;3;yellow
80;638;7,833374;1;1;1;yellow
80;639;8,600281;1;4;4;yellow
80;640;9,28363;1;2;2;yellow
81;641;5,166565;1;2;2;blue
81;642;5,716248;1;3;3;blue
81;643;6,366455;1;1;1;blue
81;644;7,066345;1;4;4;blue
81;645;7,733215;1;3;3;blue
81;646;8,283081;1;1;1;blue
81;647;9,883057;1;2;2;blue
81;648;10,63306;1;4;4;blue
82;649;4,600037;1;2;2;blue
82;650;5,183228;1;3;3;blue
82;651;5,849976;1;1;1;blue
82;652;6,516663;1;4;4;blue
82;653;7,166565;1;3;3;blue
82;654;7,816528;1;1;1;blue
82;655;8,716553;1;2;2;blue
82;656;9,316589;1;4;4;blue
83;657;4,599915;1;2;2;blue
83;658;5,049988;1;3;3;blue
83;659;5,55011;1;1;1;blue
83;660;6,150269;1;4;4;blue
83;661;6,833313;1;3;3;blue
83;662;7,850098;1;1;1;blue
83;663;8,68335;1;2;2;blue
83;664;9,183411;1;4;4;blue
84;665;4,499939;1;4;4;yellow
84;666;4,999939;1;3;3;yellow
84;667;5,549805;1;1;1;yellow
84;668;6,133179;1;4;4;yellow
84;669;6,783081;1;3;3;yellow
84;670;7,666504;1;1;1;yellow
84;671;8,466675;1;4;4;yellow
84;672;9,416504;1;2;2;yellow
85;673;4,616638;1;2;2;blue
85;674;5,216858;1;3;3;blue
85;675;5,783447;1;1;1;blue
85;676;6,399902;1;4;4;blue
85;677;7,116638;1;3;3;blue
85;678;7,766724;1;1;1;blue
85;679;8,566467;1;2;2;blue
85;680;9,383362;1;4;4;blue
86;681;4,233154;1;3;3;green
86;682;4,866638;1;4;4;green
86;683;5,566589;1;2;2;green
86;684;6,233215;1;1;1;green
86;685;6,933228;1;3;3;green
86;686;7,766785;1;2;2;green
86;687;8,416565;1;4;4;green
86;688;9,016479;1;1;1;green
87;689;4,300049;1;2;2;blue
87;690;4,883545;1;3;3;blue
87;691;5,416565;1;1;1;blue
87;692;6,116699;1;4;4;blue
87;693;6,766541;1;3;3;blue
87;694;7,483398;1;1;1;blue
87;695;8,150024;1;2;2;blue
87;696;8,800232;1;4;4;blue
88;697;4,849915;1;2;2;blue
88;698;5,449829;1;3;3;blue
88;699;5,966309;1;1;1;blue
88;700;6,550049;1;4;4;blue
88;701;7,182983;1;3;3;blue
88;702;7,733093;1;1;1;blue
88;703;8,282837;1;2;2;blue
88;704;9,282837;1;4;4;blue
89;705;4,350342;1;2;2;blue
89;706;4,933533;1;3;3;blue
89;707;5,450378;1;1;1;blue
89;708;5,966797;1;4;4;blue
89;709;6,533447;1;3;3;blue
89;710;7,133545;1;1;1;blue
89;711;7,76709;1;2;2;blue
89;712;8,383423;1;4;4;blue
90;713;4,266602;1;2;2;blue
90;714;4,866577;1;3;3;blue
90;715;5,450073;1;1;1;blue
90;716;6,016724;1;4;4;blue
90;717;6,650085;1;3;3;blue
90;718;7,283569;1;1;1;blue
90;719;8,399963;1;2;2;blue
90;720;9,000122;1;4;4;blue
91;721;4,366333;1;2;2;blue
91;722;4,999817;1;3;3;blue
91;723;5,666565;1;1;1;blue
91;724;6,183167;1;4;4;blue
91;725;6,799866;1;3;3;blue
91;726;7,516785;1;1;1;blue
91;727;8,46637;1;2;2;blue
91;728;9,149963;1;4;4;blue
92;729;4,233032;1;1;1;yellow
92;730;4,799927;1;3;3;yellow
92;731;5,39978;0;4;2;yellow
92;732;7,499878;0;2;3;yellow
92;733;9,33313;1;4;4;yellow
92;734;9,983032;1;1;1;yellow
92;735;10,53308;1;3;3;yellow
92;736;12,08313;1;2;2;yellow
93;737;4,299805;1;3;3;green
93;738;5,499878;1;4;4;green
93;739;6,716675;1;2;2;green
93;740;7,25;1;1;1;green
93;741;7,799805;1;3;3;green
93;742;8,883179;1;2;2;green
93;743;9,5;1;4;4;green
93;744;10,09985;1;1;1;green
94;745;4,866577;1;3;3;green
94;746;5,533325;1;4;4;green
94;747;6,250122;1;2;2;green
94;748;6,933472;1;1;1;green
94;749;7,533203;1;3;3;green
94;750;8,099854;1;2;2;green
94;751;8,75;1;4;4;green
94;752;9,35022;1;1;1;green
95;753;4,749756;1;1;1;yellow
95;754;5,249634;1;2;2;yellow
95;755;5,849731;1;4;4;yellow
95;756;6,483032;1;1;1;yellow
95;757;7,083008;1;3;3;yellow
95;758;8,099854;1;4;4;yellow
95;759;9,23291;1;2;2;yellow
95;760;9,799927;1;3;3;yellow
96;761;4,182983;1;3;3;green
96;762;5,216797;1;4;4;green
96;763;6,483032;1;2;2;green
96;764;7,166504;1;1;1;green
96;765;7,866577;1;3;3;green
96;766;8,683105;1;2;2;green
96;767;9,383179;1;4;4;green
96;768;10,01636;1;1;1;green
97;769;4,266602;1;3;3;green
97;770;4,966553;1;4;4;green
97;771;5,633301;1;2;2;green
97;772;6,283447;1;1;1;green
97;773;6,849976;1;3;3;green
97;774;7,450073;1;2;2;green
97;775;8,166748;1;4;4;green
97;776;8,750122;1;1;1;green
98;777;4,383179;1;2;2;blue
98;778;5,033203;1;3;3;blue
98;779;5,58313;1;1;1;blue
98;780;6,133057;1;4;4;blue
98;781;7,116333;1;3;3;blue
98;782;7,733276;1;1;1;blue
98;783;8,283325;1;2;2;blue
98;784;8,883179;1;4;4;blue
99;785;4,499878;1;2;2;blue
99;786;5,050049;1;3;3;blue
99;787;5,599976;1;1;1;blue
99;788;6,33313;1;4;4;blue
99;789;6,949951;1;3;3;blue
99;790;7,66687;1;1;1;blue
99;791;8,283203;1;2;2;blue
99;792;9,016602;1;4;4;blue
100;793;4,633423;1;2;2;blue
100;794;5,316528;1;3;3;blue
100;795;5,899902;1;1;1;blue
100;796;6,466675;1;4;4;blue
100;797;7,133423;1;3;3;blue
100;798;7,83313;1;1;1;blue
100;799;8,833374;1;2;2;blue
100;800;9,399902;1;4;4;blue
101;801;4,333496;1;3;3;green
101;802;5,016602;1;4;4;green
101;803;5,633301;1;2;2;green
101;804;6,250122;1;1;1;green
101;805;6,93335;1;3;3;green
101;806;7,649902;1;2;2;green
101;807;8,416626;1;4;4;green
101;808;9,06665;1;1;1;green
102;809;4,266968;1;3;3;green
102;810;4,766724;1;4;4;green
102;811;5,466797;1;2;2;green
102;812;6,08313;1;1;1;green
102;813;7,133301;1;3;3;green
102;814;7,966797;1;2;2;green
102;815;8,699829;1;4;4;green
102;816;9,216675;1;1;1;green
103;817;4,466431;1;2;2;yellow
103;818;5,049805;1;3;3;yellow
103;819;5,749756;1;1;1;yellow
103;820;6,383179;1;4;4;yellow
103;821;6,999878;1;3;3;yellow
103;822;7,633057;1;1;1;yellow
103;823;8,199829;1;2;2;yellow
103;824;8,83313;1;4;4;yellow
104;825;4,350098;1;2;2;blue
104;826;4,849976;1;3;3;blue
104;827;5,500122;1;1;1;blue
104;828;6,349976;1;4;4;blue
104;829;6,983398;1;3;3;blue
104;830;7,566528;1;1;1;blue
104;831;8,150024;1;2;2;blue
104;832;8,75;1;4;4;blue
105;833;5,266846;1;2;2;yellow
105;834;5,883423;1;1;1;yellow
105;835;6,433472;1;4;4;yellow
105;836;6,983276;1;1;1;yellow
105;837;7,733276;1;3;3;yellow
105;838;8,299927;1;2;2;yellow
105;839;8,899902;1;4;4;yellow
105;840;9,449951;1;3;3;yellow
106;841;4,566528;1;3;3;green
106;842;5,216675;1;4;4;green
106;843;5,75;1;2;2;green
106;844;6,366699;1;1;1;green
106;845;7,066528;1;3;3;green
106;846;7,650024;1;2;2;green
106;847;8,299805;1;4;4;green
106;848;8,849854;1;1;1;green
107;849;4,416748;1;2;2;blue
107;850;5,033325;1;3;3;blue
107;851;5,549927;1;1;1;blue
107;852;6,116577;1;4;4;blue
107;853;6,716797;1;3;3;blue
107;854;7,35022;1;1;1;blue
107;855;8,000244;1;2;2;blue
107;856;8,68335;1;4;4;blue
108;857;4,666748;1;2;2;blue
108;858;5,283325;1;3;3;blue
108;859;5,833374;1;1;1;blue
108;860;6,41687;1;4;4;blue
108;861;7,08313;1;3;3;blue
108;862;7,699951;1;1;1;blue
108;863;8,299927;1;2;2;blue
108;864;9,133179;1;4;4;blue
109;865;4,316772;1;2;2;blue
109;866;4,800049;1;3;3;blue
109;867;5,450195;1;1;1;blue
109;868;6,150146;1;4;4;blue
109;869;6,716797;1;3;3;blue
109;870;7,383545;1;1;1;blue
109;871;8,116821;1;2;2;blue
109;872;8,716553;1;4;4;blue
110;873;4,366943;1;2;2;blue
110;874;5,116699;1;3;3;blue
110;875;5,716553;1;1;1;blue
110;876;6,516724;1;4;4;blue
110;877;7,116821;1;3;3;blue
110;878;7,866943;1;1;1;blue
110;879;8,566772;1;2;2;blue
110;880;9,283447;1;4;4;blue
111;881;4,366455;1;2;2;blue
111;882;4,983398;1;3;3;blue
111;883;5,516602;1;1;1;blue
111;884;6,066772;1;4;4;blue
111;885;6,650024;1;3;3;blue
111;886;7,25;1;1;1;blue
111;887;7,916504;1;2;2;blue
111;888;8,683105;1;4;4;blue
112;889;4,31665;1;2;2;blue
112;890;4,966797;1;3;3;blue
112;891;5,599976;1;1;1;blue
112;892;6,200073;1;4;4;blue
112;893;6,81665;1;3;3;blue
112;894;7,466797;1;1;1;blue
112;895;8,100098;1;2;2;blue
112;896;8,700073;1;4;4;blue
113;897;4,533569;1;2;2;blue
113;898;5,033203;1;3;3;blue
113;899;5,68335;1;1;1;blue
113;900;6,349854;1;4;4;blue
113;901;6,899902;1;3;3;blue
113;902;7,549927;1;1;1;blue
113;903;8,183105;1;2;2;blue
113;904;8,766602;1;4;4;blue
114;905;4,199951;1;3;3;green
114;906;4,666626;0;4;2;green
114;907;7,516479;1;2;2;green
114;908;8,199829;1;1;1;green
114;909;8,833252;1;3;3;green
114;910;9,683472;1;2;2;green
114;911;10,24988;1;4;4;green
114;912;10,76672;1;1;1;green
115;913;4,316406;1;2;2;blue
115;914;4,949707;1;3;3;blue
115;915;5,450073;1;1;1;blue
115;916;6,000122;1;4;4;blue
115;917;6,616455;1;3;3;blue
115;918;7,182983;1;1;1;blue
115;919;7,766602;1;2;2;blue
115;920;8,299805;1;4;4;blue
116;921;4,099854;1;3;3;green
116;922;4,983276;1;4;4;green
116;923;5,516602;1;2;2;green
116;924;6,133423;1;1;1;green
116;925;6,733398;1;3;3;green
116;926;7,416626;1;2;2;green
116;927;8,016602;1;4;4;green
116;928;8,583862;1;1;1;green
117;929;5,849365;1;2;2;blue
117;930;7,016113;1;3;3;blue
117;931;7,616089;1;1;1;blue
117;932;8,182983;1;4;4;blue
117;933;8,782593;1;3;3;blue
117;934;9,449585;1;1;1;blue
117;935;10,04956;1;2;2;blue
117;936;10,79932;1;4;4;blue
118;937;4,316772;1;4;4;yellow
118;938;5,016602;1;3;3;yellow
118;939;5,583496;1;1;1;yellow
118;940;6,250122;1;4;4;yellow
118;941;7,083496;1;3;3;yellow
118;942;7,766724;1;1;1;yellow
118;943;8,716553;1;4;4;yellow
118;944;9,449951;1;2;2;yellow
119;945;4,366577;1;4;4;yellow
119;946;5,000122;1;3;3;yellow
119;947;5,650146;1;1;1;yellow
119;948;6,666748;1;4;4;yellow
119;949;7,300293;1;3;3;yellow
119;950;7,933594;1;1;1;yellow
119;951;8,933594;1;4;4;yellow
119;952;9,649902;1;2;2;yellow
